THACODE,THANAME,Node,DisttoRiver,WL_correction,threshold,drain_eff_low,drain_eff_high,DISTNode,DISTloc,DIVNode,Divloc,SWirriNode
100409,Amtali,N340,24032.26237,0,50,0.2,0.5,N304.5,N304.5,N304,N304,N340
100419,Bamna,N305.5,19172.0341,0,50,0.2,0.5,N304.5,N304.5,N304,N304,N305.5
100428,Barguna Sadar,N306,21532.11613,0,50,0.2,0.5,N304.5,N304.5,N304,N304,N306
100447,Betagi,N305.5,8250.670478,0,50,0.2,0.5,N304.5,N304.5,N304,N304,N305.5
100485,Patharghata,N306,13934.76004,0,50,0.2,0.5,N304.5,N304.5,N304,N304,N306
100602,Agailjhara,N301.75,17636.89383,0,50,0.2,0.5,N304,N304,N304,N304,N301.75
100603,Babuganj,N304,14090.67411,0,50,0.2,0.5,N304,N304,N304,N304,N304
100607,Bakerganj,N305,15671.35399,0,50,0.2,0.5,N304,N304,N304,N304,N305
100610,Banari Para,N303,26830.60794,0,50,0.2,0.5,N304,N304,N304,N304,N303
100632,Gaurnadi,N302,9628.287312,0,50,0.2,0.5,N304,N304,N304,N304,N302
100636,Hizla,N322.5,13050.60185,0,50,0.2,0.5,N304,N304,N304,N304,N322.5
100651,Barisal Sadar (Kotwali),N304,6446.725585,0,50,0.2,0.5,N304,N304,N304,N304,N304
100662,Mehendiganj,N304,10142.27798,0,50,0.2,0.5,N304,N304,N304,N304,N304
100669,Muladi,N302,5643.773814,0,50,0.2,0.5,N304,N304,N304,N304,N302
100694,Wazirpur,N302,22021.42828,0,50,0.2,0.5,N304,N304,N304,N304,N302
100918,Bhola Sadar,N305,13712.8888,0,50,0.2,0.5,N350,N350,N304,N304,N305
100921,Burhanuddin,N350,16769.90028,0,50,0.2,0.5,N350,N350,N304,N304,N350
100925,Char Fasson,N340,49605.41425,0,50,0.2,0.5,N350,N350,N304,N304,N340
100929,Daulatkhan,N350,15432.43127,0,50,0.2,0.5,N350,N350,N304,N304,N350
100954,Lalmohan,N350,30032.23574,0,50,0.2,0.5,N350,N350,N304,N304,N350
100965,Manpura,N350,39753.35716,0,50,0.2,0.5,N350,N350,N304,N304,N350
100991,Tazumuddin,N350,14664.18607,0,50,0.2,0.5,N350,N350,N304,N304,N350
104240,Jhalokati Sadar,N303,19653.77777,0,50,0.2,0.5,N304.5,N304.5,N304,N304,N303
104243,Kanthalia,N304.5,7919.182664,0,50,0.2,0.5,N304.5,N304.5,N304,N304,N304.5
104273,Nalchity,N304.5,20586.27223,0,50,0.2,0.5,N304.5,N304.5,N304,N304,N304.5
104284,Rajapur,N303,11305.65826,0,50,0.2,0.5,N304.5,N304.5,N304,N304,N303
107838,Bauphal,N305,17426.36163,0,50,0.2,0.5,N305.5,N305.5,N304,N304,N305
107852,Dashmina,N305.5,34184.37274,0,50,0.2,0.5,N305.5,N305.5,N304,N304,N305.5
107855,Dumki,N305.5,19008.50076,0,50,0.2,0.5,N305.5,N305.5,N304,N304,N305.5
107857,Galachipa,N340,26510.4231,0,50,0.2,0.5,N305.5,N305.5,N304,N304,N340
107866,Kala Para,N340,9795.079372,0,50,0.2,0.5,N305.5,N305.5,N304,N304,N340
107876,Mirzaganj,N305.5,1955.792616,0,50,0.2,0.5,N305.5,N305.5,N304,N304,N305.5
107895,Patuakhali Sadar,N305.5,10415.45414,0,50,0.2,0.5,N305.5,N305.5,N304,N304,N305.5
107914,Bhandaria,N303,14807.98918,0,50,0.2,0.5,N303,N303,N304,N304,N303
107947,Kawkhali,N303,3699.337475,0,50,0.2,0.5,N303,N303,N304,N304,N303
107958,Mathbaria,N304.5,28788.10753,0,50,0.2,0.5,N303,N303,N304,N304,N304.5
107976,Nazirpur,N276,20462.73862,0,50,0.2,0.5,N303,N303,N304,N304,N276
107980,Pirojpur Sadar,N303,5412.19226,0,50,0.2,0.5,N303,N303,N304,N304,N303
107987,Nesarabad (Swarupkati),N303,16027.53921,0,50,0.2,0.5,N303,N303,N304,N304,N303
107990,Zianagar,N303,16656.11497,0,50,0.2,0.5,N303,N303,N304,N304,N303
200304,Alikadam,N5000,68526.7718,0,50,0.2,0.5,N5000,N5000,N4002,N4002,N5000
200314,Bandarban Sadar,N5000,2808.661277,0,50,0.2,0.5,N5000,N5000,N4002,N4002,N5000
200351,Lama,N5001,40550.69934,0,50,0.2,0.5,N5000,N5000,N4002,N4002,N5001
200373,Naikhongchhari,N5001,78231.97348,0,50,0.2,0.5,N5000,N5000,N4002,N4002,N5001
200389,Rowangchhari,N5000,13161.97758,0,50,0.2,0.5,N5000,N5000,N4002,N4002,N5000
200391,Ruma,N5000,30156.4133,0,50,0.2,0.5,N5000,N5000,N4002,N4002,N5000
200395,Thanchi,N5000,69932.13548,0,50,0.2,0.5,N5000,N5000,N4002,N4002,N5000
201202,Akhaura,N120,30801.17778,0,50,0.2,0.5,N120,N120,N4002,N4002,N120
201204,Banchharampur,N1001,24066.45511,0,50,0.2,0.5,N120,N120,N4002,N4002,N1001
201207,Bijoynagar,N120,25385.12206,0,50,0.2,0.5,N120,N120,N4002,N4002,N120
201213,Brahmanbaria Sadar,N120,16822.93305,0,50,0.2,0.5,N120,N120,N4002,N4002,N120
201233,Ashuganj,N120,4296.482976,0,50,0.2,0.5,N120,N120,N4002,N4002,N120
201263,Kasba,N1001,21022.9183,0,50,0.2,0.5,N120,N120,N4002,N4002,N1001
201285,Nabinagar,N120,19184.42781,0,50,0.2,0.5,N120,N120,N4002,N4002,N120
201290,Nasirnagar,N40,20689.92507,0,50,0.2,0.5,N120,N120,N4002,N4002,N40
201294,Sarail,N40,14672.4561,0,50,0.2,0.5,N120,N120,N4002,N4002,N40
201322,Chandpur Sadar,N320,6487.436288,0,50,0.2,0.5,N2001,N2001,N4002,N4002,N320
201345,Faridganj,N2003,15269.41136,0,50,0.2,0.5,N2001,N2001,N4002,N4002,N2003
201347,Haim Char,N321,5533.821469,0,50,0.2,0.5,N2001,N2001,N4002,N4002,N321
201349,Hajiganj,N2003,2296.86495,0,50,0.2,0.5,N2001,N2001,N4002,N4002,N2003
201358,Kachua,N2003,12497.50293,0,50,0.2,0.5,N2001,N2001,N4002,N4002,N2003
201376,Matlab Dakshin,N2003,15574.14105,0,50,0.2,0.5,N2001,N2001,N4002,N4002,N2003
201379,Matlab Uttar,N160,15334.77325,0,50,0.2,0.5,N2001,N2001,N4002,N4002,N160
201395,Shahrasti,N2003,11346.69515,0,50,0.2,0.5,N2001,N2001,N4002,N4002,N2003
201504,Anowara,N5002,8849.280569,0,50,0.2,0.5,N4001,N4001,N4002,N4002,N5002
201506,Bayejid Bostami,N4001,8668.370473,0,50,0.2,0.5,N4001,N4001,N4002,N4002,N4001
201508,Banshkhali,N5002,12887.39525,0,50,0.2,0.5,N4001,N4001,N4002,N4002,N5002
201510,Bakalia,N4001,7624.828456,0,50,0.2,0.5,N4001,N4001,N4002,N4002,N4001
201512,Boalkhali,N4001,8714.751201,0,50,0.2,0.5,N4001,N4001,N4002,N4002,N4001
201518,Chandanaish,N5001,6026.83997,0,50,0.2,0.5,N4001,N4001,N4002,N4002,N5001
201519,Chandgaon,N4001,3475.270423,0,50,0.2,0.5,N4001,N4001,N4002,N4002,N4001
201520,Chittagong Port,N4002,5019.391625,0,50,0.2,0.5,N4001,N4001,N4002,N4002,N4002
201528,Double Mooring,N4002,6711.656716,0,50,0.2,0.5,N4001,N4001,N4002,N4002,N4002
201533,Fatikchhari,N3000,24860.70237,0,50,0.2,0.5,N4001,N4001,N4002,N4002,N3000
201535,Halishahar,N4002,8370.570695,0,50,0.2,0.5,N4001,N4001,N4002,N4002,N4002
201537,Hathazari,N4001,16425.53672,0,50,0.2,0.5,N4001,N4001,N4002,N4002,N4001
201541,Kotwali,N4002,8410.892337,0,50,0.2,0.5,N4001,N4001,N4002,N4002,N4002
201543,Khulshi,N4001,10427.29571,0,50,0.2,0.5,N4001,N4001,N4002,N4002,N4001
201547,Lohagara,N5001,19679.08511,0,50,0.2,0.5,N4001,N4001,N4002,N4002,N5001
201553,Mirsharai,N3001,11694.09884,0,50,0.2,0.5,N4001,N4001,N4002,N4002,N3001
201555,Pahartali,N4002,10724.59145,0,50,0.2,0.5,N4001,N4001,N4002,N4002,N4002
201557,Panchlaish,N4001,7450.9721,0,50,0.2,0.5,N4001,N4001,N4002,N4002,N4001
201561,Patiya,N4001,14814.24583,0,50,0.2,0.5,N4001,N4001,N4002,N4002,N4001
201565,Patenga,N4002,1748.787117,0,50,0.2,0.5,N4001,N4001,N4002,N4002,N4002
201570,Rangunia,N4000,15296.72695,0,50,0.2,0.5,N4001,N4001,N4002,N4002,N4000
201574,Raozan,N4001,12828.63249,0,50,0.2,0.5,N4001,N4001,N4002,N4002,N4001
201578,Sandwip,N3002,25772.32559,0,50,0.2,0.5,N4001,N4001,N4002,N4002,N3002
201582,Satkania,N5001,5826.210754,0,50,0.2,0.5,N4001,N4001,N4002,N4002,N5001
201586,Sitakunda,N4001,27215.95033,0,50,0.2,0.5,N4001,N4001,N4002,N4002,N4001
201909,Barura,N2001,14494.18189,0,50,0.2,0.5,N1001,N1001,N4002,N4002,N2001
201915,Brahman Para,N1001,11914.48447,0,50,0.2,0.5,N1001,N1001,N4002,N4002,N1001
201918,Burichang,N1000,15811.82013,0,50,0.2,0.5,N1001,N1001,N4002,N4002,N1000
201927,Chandina,N1001,20969.24649,0,50,0.2,0.5,N1001,N1001,N4002,N4002,N1001
201931,Chauddagram,N2001,17034.23213,0,50,0.2,0.5,N1001,N1001,N4002,N4002,N2001
201933,Comilla Sadar Dakshin,N2000,1433.091803,0,50,0.2,0.5,N1001,N1001,N4002,N4002,N2000
201936,Daudkandi,N160,17489.49353,0,50,0.2,0.5,N1001,N1001,N4002,N4002,N160
201940,Debidwar,N1001,6276.883297,0,50,0.2,0.5,N1001,N1001,N4002,N4002,N1001
201954,Homna,N1001,17866.60408,0,50,0.2,0.5,N1001,N1001,N4002,N4002,N1001
201967,Comilla Adarsha Sadar,N1000,8173.829166,0,50,0.2,0.5,N1001,N1001,N4002,N4002,N1000
201972,Laksam,N2001,1318.485951,0,50,0.2,0.5,N1001,N1001,N4002,N4002,N2001
201974,Manoharganj,N2001,12692.8873,0,50,0.2,0.5,N1001,N1001,N4002,N4002,N2001
201975,Meghna,N160,11831.63397,0,50,0.2,0.5,N1001,N1001,N4002,N4002,N160
201981,Muradnagar,N1001,6227.295975,0,50,0.2,0.5,N1001,N1001,N4002,N4002,N1001
201987,Nangalkot,N2001,15084.74366,0,50,0.2,0.5,N1001,N1001,N4002,N4002,N2001
201994,Titas,N1001,19319.55805,0,50,0.2,0.5,N1001,N1001,N4002,N4002,N1001
202216,Chakaria,N5002,45542.3262,0,50,0.2,0.5,N4001,N4001,N4002,N4002,N5002
202224,Cox'S Bazar Sadar,N5002,69924.88797,0,50,0.2,0.5,N4001,N4001,N4002,N4002,N5002
202245,Kutubdia,N5002,31593.5544,0,50,0.2,0.5,N4001,N4001,N4002,N4002,N5002
202249,Maheshkhali,N5002,56927.96376,0,50,0.2,0.5,N4001,N4001,N4002,N4002,N5002
202256,Pekua,N5002,34306.49287,0,50,0.2,0.5,N4001,N4001,N4002,N4002,N5002
202266,Ramu,N5002,79191.68906,0,50,0.2,0.5,N4001,N4001,N4002,N4002,N5002
202290,Teknaf,N5002,129831.4312,0,50,0.2,0.5,N4001,N4001,N4002,N4002,N5002
202294,Ukhia,N5002,101644.1381,0,50,0.2,0.5,N4001,N4001,N4002,N4002,N5002
203014,Chhagalnaiya,N3000,13569.67239,0,50,0.2,0.5,N3001,N3001,N4002,N4002,N3000
203025,Daganbhuiyan,N3001,20257.61947,0,50,0.2,0.5,N3001,N3001,N4002,N4002,N3001
203029,Feni Sadar,N3001,12585.0654,0,50,0.2,0.5,N3001,N3001,N4002,N4002,N3001
203041,Fulgazi,N3001,25316.68814,0,50,0.2,0.5,N3001,N3001,N4002,N4002,N3001
203051,Parshuram,N2000,30058.44081,0,50,0.2,0.5,N3001,N3001,N4002,N4002,N2000
203094,Sonagazi,N3001,9130.086963,0,50,0.2,0.5,N3001,N3001,N4002,N4002,N3001
204643,Dighinala,N3000,67452.74277,0,50,0.2,0.5,N4000,N4000,N4002,N4002,N3000
204649,Khagrachhari Sadar,N3000,43361.98489,0,50,0.2,0.5,N4000,N4000,N4002,N4002,N3000
204661,Lakshmichhari,N3000,36886.55585,0,50,0.2,0.5,N4000,N4000,N4002,N4002,N3000
204665,Mahalchhari,N3000,42100.05223,0,50,0.2,0.5,N4000,N4000,N4002,N4002,N3000
204667,Manikchhari,N3000,23992.27353,0,50,0.2,0.5,N4000,N4000,N4002,N4002,N3000
204670,Matiranga,N3000,31204.61732,0,50,0.2,0.5,N4000,N4000,N4002,N4002,N3000
204677,Panchhari,N3000,51663.11249,0,50,0.2,0.5,N4000,N4000,N4002,N4002,N3000
204680,Ramgarh,N3000,22372.25001,0,50,0.2,0.5,N4000,N4000,N4002,N4002,N3000
205133,Kamalnagar,N350,21787.08227,0,50,0.2,0.5,N322,N322,N4002,N4002,N350
205143,Lakshmipur Sadar,N322,18980.39951,0,50,0.2,0.5,N322,N322,N4002,N4002,N322
205158,Roypur,N322,9668.391299,0,50,0.2,0.5,N322,N322,N4002,N4002,N322
205165,Ramganj,N2003,17043.93181,0,50,0.2,0.5,N322,N322,N4002,N4002,N2003
205173,Ramgati,N350,12692.29462,0,50,0.2,0.5,N322,N322,N4002,N4002,N350
207507,Begumganj,N2001,34924.11409,0,50,0.2,0.5,N350,N350,N4002,N4002,N2001
207510,Chatkhil,N2003,24550.85006,0,50,0.2,0.5,N350,N350,N4002,N4002,N2003
207521,Companiganj,N3002,15416.65336,0,50,0.2,0.5,N350,N350,N4002,N4002,N3002
207536,Hatiya,N350,38146.15712,0,50,0.2,0.5,N350,N350,N4002,N4002,N350
207547,Kabirhat,N3002,24588.4734,0,50,0.2,0.5,N350,N350,N4002,N4002,N3002
207580,Senbagh,N3001,29457.76825,0,50,0.2,0.5,N350,N350,N4002,N4002,N3001
207583,Sonaimuri,N2001,24582.73065,0,50,0.2,0.5,N350,N350,N4002,N4002,N2001
207585,Subarnachar,N350,31374.27358,0,50,0.2,0.5,N350,N350,N4002,N4002,N350
207587,Noakhali Sadar (Sudharam),N350,33450.18909,0,50,0.2,0.5,N350,N350,N4002,N4002,N350
208407,Baghai Chhari,N3000,79046.81063,0,50,0.2,0.5,N4000,N4000,N4002,N4002,N3000
208421,Barkal,N4000,40868.03753,0,50,0.2,0.5,N4000,N4000,N4002,N4002,N4000
208425,Kawkhali (Betbunia),N4000,24781.22408,0,50,0.2,0.5,N4000,N4000,N4002,N4002,N4000
208429,Belai Chhari,N5000,30423.56673,0,50,0.2,0.5,N4000,N4000,N4002,N4002,N5000
208436,Kaptai,N4000,4587.784078,0,50,0.2,0.5,N4000,N4000,N4002,N4002,N4000
208447,Jurai Chhari,N4000,26278.33664,0,50,0.2,0.5,N4000,N4000,N4002,N4002,N4000
208458,Langadu,N4000,50141.86364,0,50,0.2,0.5,N4000,N4000,N4002,N4002,N4000
208475,Naniarchar,N4000,38711.79035,0,50,0.2,0.5,N4000,N4000,N4002,N4002,N4000
208478,Rajasthali,N4000,13606.51538,0,50,0.2,0.5,N4000,N4000,N4002,N4002,N4000
208487,Rangamati Sadar,N4000,15410.106,0,50,0.2,0.5,N4000,N4000,N4002,N4002,N4000
302602,Adabor,N150,29227.11898,0,50,0.2,0.5,N290,N290,N290,N290,N150
302604,Badda,N150,27077.52113,0,50,0.2,0.5,N290,N290,N290,N290,N150
302605,Bangshal,N150,21420.26271,0,50,0.2,0.5,N290,N290,N290,N290,N150
302606,Biman Bandar,N150,33776.47193,0,50,0.2,0.5,N290,N290,N290,N290,N150
302608,Cantonment,N150,30729.19159,0,50,0.2,0.5,N290,N290,N290,N290,N150
302609,Chak Bazar,N150,22079.18833,0,50,0.2,0.5,N290,N290,N290,N290,N150
302610,Dakshinkhan,N150,34490.78232,0,50,0.2,0.5,N290,N290,N290,N290,N150
302611,Darus Salam,N150,30944.55993,0,50,0.2,0.5,N290,N290,N290,N290,N150
302612,Demra,N150,18314.29676,0,50,0.2,0.5,N290,N290,N290,N290,N150
302614,Dhamrai,N131,13674.38455,0,50,0.2,0.5,N290,N290,N290,N290,N131
302616,Dhanmondi,N150,25775.1088,0,50,0.2,0.5,N290,N290,N290,N290,N150
302618,Dohar,N295,6236.657142,0,50,0.2,0.5,N290,N290,N290,N290,N295
302624,Gendaria,N150,19336.27358,0,50,0.2,0.5,N290,N290,N290,N290,N150
302626,Gulshan,N150,27714.36608,0,50,0.2,0.5,N290,N290,N290,N290,N150
302628,Hazaribagh,N150,26254.68635,0,50,0.2,0.5,N290,N290,N290,N290,N150
302629,Jatrabari,N150,18373.45057,0,50,0.2,0.5,N290,N290,N290,N290,N150
302630,Kafrul,N150,29652.69207,0,50,0.2,0.5,N290,N290,N290,N290,N150
302632,Kadamtali,N150,16031.80038,0,50,0.2,0.5,N290,N290,N290,N290,N150
302633,Kalabagan,N150,25139.53603,0,50,0.2,0.5,N290,N290,N290,N290,N150
302634,Kamrangir Char,N150,23193.90689,0,50,0.2,0.5,N290,N290,N290,N290,N150
302636,Khilgaon,N150,22913.24061,0,50,0.2,0.5,N290,N290,N290,N290,N150
302637,Khilkhet,N150,30956.36984,0,50,0.2,0.5,N290,N290,N290,N290,N150
302638,Keraniganj,N150,24087.2505,0,50,0.2,0.5,N290,N290,N290,N290,N150
302640,Kotwali,N150,20510.18746,0,50,0.2,0.5,N290,N290,N290,N290,N150
302642,Lalbagh,N150,23508.72243,0,50,0.2,0.5,N290,N290,N290,N290,N150
302648,Mirpur,N150,30811.23526,0,50,0.2,0.5,N290,N290,N290,N290,N150
302650,Mohammadpur,N150,28031.79047,0,50,0.2,0.5,N290,N290,N290,N290,N150
302654,Motijheel,N150,21957.45911,0,50,0.2,0.5,N290,N290,N290,N290,N150
302662,Nawabganj,N295,14318.19255,0,50,0.2,0.5,N290,N290,N290,N290,N295
302663,New Market,N150,24488.03039,0,50,0.2,0.5,N290,N290,N290,N290,N150
302664,Pallabi,N150,33351.5894,0,50,0.2,0.5,N290,N290,N290,N290,N150
302665,Paltan,N150,22400.77178,0,50,0.2,0.5,N290,N290,N290,N290,N150
302666,Ramna,N150,24061.76227,0,50,0.2,0.5,N290,N290,N290,N290,N150
302667,Rampura,N150,24488.20313,0,50,0.2,0.5,N290,N290,N290,N290,N150
302668,Sabujbagh,N150,20900.64547,0,50,0.2,0.5,N290,N290,N290,N290,N150
302672,Savar,N131,26285.00456,0,50,0.2,0.5,N290,N290,N290,N290,N131
302674,Shah Ali,N150,33259.37377,0,50,0.2,0.5,N290,N290,N290,N290,N150
302675,Shahbagh,N150,23051.86164,0,50,0.2,0.5,N290,N290,N290,N290,N150
302676,Shyampur,N150,18026.73269,0,50,0.2,0.5,N290,N290,N290,N290,N150
302680,Sher-e-bangla Nagar,N150,27797.52951,0,50,0.2,0.5,N290,N290,N290,N290,N150
302688,Sutrapur,N150,20283.41494,0,50,0.2,0.5,N290,N290,N290,N290,N150
302690,Tejgaon,N150,26221.9296,0,50,0.2,0.5,N290,N290,N290,N290,N150
302692,Tejgaon Ind. Area,N150,25733.14172,0,50,0.2,0.5,N290,N290,N290,N290,N150
302693,Turag,N131,35099.69517,0,50,0.2,0.5,N290,N290,N290,N290,N131
302695,Uttara,N150,36760.49574,0,50,0.2,0.5,N290,N290,N290,N290,N150
302696,Uttar Khan,N150,35307.23479,0,50,0.2,0.5,N290,N290,N290,N290,N150
302903,Alfadanga,N275,22145.67694,0,50,0.2,0.5,N310,N310,N290,N290,N275
302910,Bhanga,N310,11975.00228,0,50,0.2,0.5,N310,N310,N290,N290,N310
302918,Boalmari,N271,21639.37565,0,50,0.2,0.5,N310,N310,N290,N290,N271
302921,Char Bhadrasan,N295,7197.556794,0,50,0.2,0.5,N310,N310,N290,N290,N295
302947,Faridpur Sadar,N295,23691.52386,0,50,0.2,0.5,N310,N310,N290,N290,N295
302956,Madhukhali,N271,7684.87808,0,50,0.2,0.5,N310,N310,N290,N290,N271
302962,Nagarkanda,N310,19484.43836,0,50,0.2,0.5,N310,N310,N290,N290,N310
302984,Sadarpur,N310,3902.782114,0,50,0.2,0.5,N310,N310,N290,N290,N310
302990,Saltha,N310,29338.68364,0,50,0.2,0.5,N310,N310,N290,N290,N310
303330,Gazipur Sadar,N110,27681.78282,0,50,0.2,0.5,N110,N110,N290,N290,N110
303332,Kaliakair,N110,31629.36345,0,50,0.2,0.5,N110,N110,N290,N290,N110
303334,Kaliganj,N110,28521.66292,0,50,0.2,0.5,N110,N110,N290,N290,N110
303336,Kapasia,N110,9803.174893,0,50,0.2,0.5,N110,N110,N290,N290,N110
303386,Sreepur,N110,10794.48061,0,50,0.2,0.5,N110,N110,N290,N290,N110
303532,Gopalganj Sadar,N276,16524.9684,0,50,0.2,0.5,N276,N276,N290,N290,N276
303543,Kashiani,N275,15403.10479,0,50,0.2,0.5,N276,N276,N290,N290,N275
303551,Kotali Para,N276,21118.62066,0,50,0.2,0.5,N276,N276,N290,N290,N276
303558,Muksudpur,N310,28458.22262,0,50,0.2,0.5,N276,N276,N290,N290,N310
303591,Tungi Para,N276,6276.282321,0,50,0.2,0.5,N276,N276,N290,N290,N276
303907,Bakshiganj,N80,10847.09895,0,50,0.2,0.5,N80,N80,N290,N290,N80
303915,Dewanganj,N80,3773.606226,0,50,0.2,0.5,N80,N80,N290,N290,N80
303929,Islampur,N80,17640.51062,0,50,0.2,0.5,N80,N80,N290,N290,N80
303936,Jamalpur Sadar,N7000,45030.17061,0,50,0.2,0.5,N80,N80,N290,N290,N7000
303958,Madarganj,N210,38546.38687,0,50,0.2,0.5,N80,N80,N290,N290,N210
303961,Melandaha,N80,31615.04129,0,50,0.2,0.5,N80,N80,N290,N290,N80
303985,Sarishabari,N95,26006.51287,0,50,0.2,0.5,N80,N80,N290,N290,N95
304802,Austagram,N40,22307.55154,0,50,0.2,0.5,N40,N40,N290,N290,N40
304806,Bajitpur,N40,7375.115498,0,50,0.2,0.5,N40,N40,N290,N290,N40
304811,Bhairab,N120,6710.035883,0,50,0.2,0.5,N40,N40,N290,N290,N120
304827,Hossainpur,N85,19672.21832,0,50,0.2,0.5,N40,N40,N290,N290,N85
304833,Itna,N7002,29355.44822,0,50,0.2,0.5,N40,N40,N290,N290,N7002
304842,Karimganj,N100,30231.83253,0,50,0.2,0.5,N40,N40,N290,N290,N100
304845,Katiadi,N100,12955.05999,0,50,0.2,0.5,N40,N40,N290,N290,N100
304849,Kishoreganj Sadar,N100,21899.17537,0,50,0.2,0.5,N40,N40,N290,N290,N100
304854,Kuliar Char,N40,9928.734575,0,50,0.2,0.5,N40,N40,N290,N290,N40
304859,Mithamain,N40,32272.37147,0,50,0.2,0.5,N40,N40,N290,N290,N40
304876,Nikli,N40,19096.72747,0,50,0.2,0.5,N40,N40,N290,N290,N40
304879,Pakundia,N85,7740.70714,0,50,0.2,0.5,N40,N40,N290,N290,N85
304892,Tarail,N7002,36713.47495,0,50,0.2,0.5,N40,N40,N290,N290,N7002
305440,Kalkini,N301.75,2011.424346,0,50,0.2,0.5,N301,N301,N290,N290,N301.75
305454,Madaripur Sadar,N301,10806.86858,0,50,0.2,0.5,N301,N301,N290,N290,N301
305480,Rajoir,N301,23613.93822,0,50,0.2,0.5,N301,N301,N290,N290,N301
305487,Shib Char,N300,12758.89264,0,50,0.2,0.5,N301,N301,N290,N290,N300
305610,Daulatpur,N290,12370.33589,0,50,0.2,0.5,N131,N131,N290,N290,N290
305622,Ghior,N131,12052.41211,0,50,0.2,0.5,N131,N131,N290,N290,N131
305628,Harirampur,N295,17541.75905,0,50,0.2,0.5,N131,N131,N290,N290,N295
305646,Manikganj Sadar,N131,4903.373135,0,50,0.2,0.5,N131,N131,N290,N290,N131
305670,Saturia,N131,8897.024782,0,50,0.2,0.5,N131,N131,N290,N290,N131
305678,Shibalaya,N290,9965.836658,0,50,0.2,0.5,N131,N131,N290,N290,N290
305682,Singair,N131,17133.16776,0,50,0.2,0.5,N131,N131,N290,N290,N131
305924,Gazaria,N160,2092.246913,0,50,0.2,0.5,N160,N160,N290,N290,N160
305944,Lohajang,N316,17448.96403,0,50,0.2,0.5,N160,N160,N290,N290,N316
305956,Munshiganj Sadar,N150,8962.104363,0,50,0.2,0.5,N160,N160,N290,N290,N150
305974,Serajdikhan,N150,18676.76541,0,50,0.2,0.5,N160,N160,N290,N290,N150
305984,Sreenagar,N300,12339.16335,0,50,0.2,0.5,N160,N160,N290,N290,N300
305994,Tongibari,N150,13228.20392,0,50,0.2,0.5,N160,N160,N290,N290,N150
306113,Bhaluka,N110,26503.01744,0,50,0.2,0.5,N81,N81,N290,N290,N110
306116,Dhobaura,N7001,28207.07369,0,50,0.2,0.5,N81,N81,N290,N290,N7001
306120,Fulbaria,N81,23135.34141,0,50,0.2,0.5,N81,N81,N290,N290,N81
306122,Gaffargaon,N85,16070.0374,0,50,0.2,0.5,N81,N81,N290,N290,N85
306123,Gauripur,N81,15369.49085,0,50,0.2,0.5,N81,N81,N290,N290,N81
306124,Haluaghat,N7000,18432.50746,0,50,0.2,0.5,N81,N81,N290,N290,N7000
306131,Ishwarganj,N81,14672.47057,0,50,0.2,0.5,N81,N81,N290,N290,N81
306152,Mymensingh Sadar,N81,14479.53155,0,50,0.2,0.5,N81,N81,N290,N290,N81
306165,Muktagachha,N81,26803.55786,0,50,0.2,0.5,N81,N81,N290,N290,N81
306172,Nandail,N81,26268.47533,0,50,0.2,0.5,N81,N81,N290,N290,N81
306181,Phulpur,N81,25959.26838,0,50,0.2,0.5,N81,N81,N290,N290,N81
306194,Trishal,N81,13732.43371,0,50,0.2,0.5,N81,N81,N290,N290,N81
306702,Araihazar,N160,24256.34429,0,50,0.2,0.5,N150,N150,N290,N290,N160
306704,Sonargaon,N150,13337.53719,0,50,0.2,0.5,N150,N150,N290,N290,N150
306706,Bandar,N150,7813.252317,0,50,0.2,0.5,N150,N150,N290,N290,N150
306758,Narayanganj Sadar,N150,8753.117512,0,50,0.2,0.5,N150,N150,N290,N290,N150
306768,Rupganj,N150,27194.75495,0,50,0.2,0.5,N150,N150,N290,N290,N150
306807,Belabo,N120,15199.4244,0,50,0.2,0.5,N120,N120,N290,N290,N120
306852,Manohardi,N100,8747.931832,0,50,0.2,0.5,N120,N120,N290,N290,N100
306860,Narsingdi Sadar,N120,33721.13584,0,50,0.2,0.5,N120,N120,N290,N290,N120
306863,Palash,N110,31413.23362,0,50,0.2,0.5,N120,N120,N290,N290,N110
306864,Roypura,N120,14123.48755,0,50,0.2,0.5,N120,N120,N290,N290,N120
306876,Shibpur,N100,23701.41964,0,50,0.2,0.5,N120,N120,N290,N290,N100
307204,Atpara,N7001,21827.24581,0,50,0.2,0.5,N7002,N7002,N290,N290,N7001
307209,Barhatta,N7001,13929.31369,0,50,0.2,0.5,N7002,N7002,N290,N290,N7001
307218,Durgapur,N7001,16700.24188,0,50,0.2,0.5,N7002,N7002,N290,N290,N7001
307238,Khaliajuri,N7002,12284.65788,0,50,0.2,0.5,N7002,N7002,N290,N290,N7002
307240,Kalmakanda,N7001,17378.58695,0,50,0.2,0.5,N7002,N7002,N290,N290,N7001
307247,Kendua,N7001,30944.743,0,50,0.2,0.5,N7002,N7002,N290,N290,N7001
307256,Madan,N7002,20966.38526,0,50,0.2,0.5,N7002,N7002,N290,N290,N7002
307263,Mohanganj,N7002,9052.50092,0,50,0.2,0.5,N7002,N7002,N290,N290,N7002
307274,Netrokona Sadar,N7001,7481.165936,0,50,0.2,0.5,N7002,N7002,N290,N290,N7001
307283,Purbadhala,N7001,15330.10652,0,50,0.2,0.5,N7002,N7002,N290,N290,N7001
308207,Balia Kandi,N271,12998.04823,0,50,0.2,0.5,N280,N280,N290,N290,N271
308229,Goalandaghat,N290,13545.36828,0,50,0.2,0.5,N280,N280,N290,N290,N290
308247,Kalukhali,N270,21960.09443,0,50,0.2,0.5,N280,N280,N290,N290,N270
308273,Pangsha,N270,11974.65902,0,50,0.2,0.5,N280,N280,N290,N290,N270
308276,Rajbari Sadar,N290,18203.84741,0,50,0.2,0.5,N280,N280,N290,N290,N290
308614,Bhedarganj,N320,11943.50715,0,50,0.2,0.5,N316,N316,N290,N290,N320
308625,Damudya,N301.5,12053.41432,0,50,0.2,0.5,N316,N316,N290,N290,N301.5
308636,Gosairhat,N301.5,14947.36075,0,50,0.2,0.5,N316,N316,N290,N290,N301.5
308665,Naria,N316,3773.627173,0,50,0.2,0.5,N316,N316,N290,N290,N316
308669,Shariatpur Sadar,N301,11511.47442,0,50,0.2,0.5,N316,N316,N290,N290,N301
308694,Zanjira,N316,12220.89418,0,50,0.2,0.5,N316,N316,N290,N290,N316
308937,Jhenaigati,N7000,17270.25636,0,50,0.2,0.5,N7000,N7000,N290,N290,N7000
308967,Nakla,N7000,27527.56754,0,50,0.2,0.5,N7000,N7000,N290,N290,N7000
308970,Nalitabari,N7000,10230.20376,0,50,0.2,0.5,N7000,N7000,N290,N290,N7000
308988,Sherpur Sadar,N7000,30968.32801,0,50,0.2,0.5,N7000,N7000,N290,N290,N7000
308990,Sreebardi,N80,22269.31841,0,50,0.2,0.5,N7000,N7000,N290,N290,N80
309309,Basail,N130,34987.52865,0,50,0.2,0.5,N130,N130,N290,N290,N130
309319,Bhuapur,N130,5105.859171,0,50,0.2,0.5,N130,N130,N290,N290,N130
309323,Delduar,N230,27058.47991,0,50,0.2,0.5,N130,N130,N290,N290,N230
309325,Dhanbari,N95,29411.46472,0,50,0.2,0.5,N130,N130,N290,N290,N95
309328,Ghatail,N130,27575.21196,0,50,0.2,0.5,N130,N130,N290,N290,N130
309338,Gopalpur,N130,19020.37736,0,50,0.2,0.5,N130,N130,N290,N290,N130
309347,Kalihati,N130,18825.57895,0,50,0.2,0.5,N130,N130,N290,N290,N130
309357,Madhupur,N130,36476.60347,0,50,0.2,0.5,N130,N130,N290,N290,N130
309366,Mirzapur,N131,27552.4767,0,50,0.2,0.5,N130,N130,N290,N290,N131
309376,Nagarpur,N230,18157.55994,0,50,0.2,0.5,N130,N130,N290,N290,N230
309385,Sakhipur,N110,39205.25691,0,50,0.2,0.5,N130,N130,N290,N290,N110
309395,Tangail Sadar,N130,22180.13596,0,50,0.2,0.5,N130,N130,N290,N290,N130
400108,Bagerhat Sadar,N277,23516.32144,0,50,0.2,0.5,N276,N276,N275,N275,N277
400114,Chitalmari,N276,11131.52667,0,50,0.2,0.5,N276,N276,N275,N275,N276
400134,Fakirhat,N277,11188.85971,0,50,0.2,0.5,N276,N276,N275,N275,N277
400138,Kachua,N303,17350.6609,0,50,0.2,0.5,N276,N276,N275,N275,N303
400156,Mollahat,N276,8021.250416,0,50,0.2,0.5,N276,N276,N275,N275,N276
400158,Mongla,N279,21665.92117,0,50,0.2,0.5,N276,N276,N275,N275,N279
400160,Morrelganj,N303,23122.09283,0,50,0.2,0.5,N276,N276,N275,N275,N303
400173,Rampal,N277,24544.65335,0,50,0.2,0.5,N276,N276,N275,N275,N277
400177,Sarankhola,N306,24640.73717,0,50,0.2,0.5,N276,N276,N275,N275,N306
401807,Alamdanga,N265,33906.45111,0,50,0.2,0.5,N278,N278,N275,N275,N265
401823,Chuadanga Sadar,N278,30721.74474,0,50,0.2,0.5,N278,N278,N275,N275,N278
401831,Damurhuda,N278,40065.79755,0,50,0.2,0.5,N278,N278,N275,N275,N278
401855,Jiban Nagar,N278,20868.03436,0,50,0.2,0.5,N278,N278,N275,N275,N278
404104,Abhaynagar,N275,28466.69831,0,50,0.2,0.5,N278,N278,N275,N275,N275
404109,Bagher Para,N278,33796.48738,0,50,0.2,0.5,N278,N278,N275,N275,N278
404111,Chaugachha,N278,8758.334839,0,50,0.2,0.5,N278,N278,N275,N275,N278
404123,Jhikargachha,N6000,7368.26574,0,50,0.2,0.5,N278,N278,N275,N275,N6000
404138,Keshabpur,N278.5,17178.76071,0,50,0.2,0.5,N278,N278,N275,N275,N278.5
404147,Kotwali,N278,26792.63253,0,50,0.2,0.5,N278,N278,N275,N275,N278
404161,Manirampur,N6000,18745.99851,0,50,0.2,0.5,N278,N278,N275,N275,N6000
404190,Sharsha,N6000,10855.30409,0,50,0.2,0.5,N278,N278,N275,N275,N6000
404414,Harinakunda,N270,26985.0456,0,50,0.2,0.5,N278,N278,N275,N275,N270
404419,Jhenaidah Sadar,N278,23625.12173,0,50,0.2,0.5,N278,N278,N275,N275,N278
404433,Kaliganj,N278,13449.82863,0,50,0.2,0.5,N278,N278,N275,N275,N278
404442,Kotchandpur,N278,11922.11942,0,50,0.2,0.5,N278,N278,N275,N275,N278
404471,Maheshpur,N278,17145.3344,0,50,0.2,0.5,N278,N278,N275,N275,N278
404480,Shailkupa,N270,16267.27223,0,50,0.2,0.5,N278,N278,N275,N275,N270
404712,Batiaghata,N277,11601.25752,0,50,0.2,0.5,N277,N277,N275,N275,N277
404717,Dacope,N6001,28917.07524,0,50,0.2,0.5,N277,N277,N275,N275,N6001
404721,Daulatpur,N277,10720.10793,0,50,0.2,0.5,N277,N277,N275,N275,N277
404730,Dumuria,N278.5,16172.52217,0,50,0.2,0.5,N277,N277,N275,N275,N278.5
404740,Dighalia,N277,13736.42717,0,50,0.2,0.5,N277,N277,N275,N275,N277
404745,Khalishpur,N277,6779.51222,0,50,0.2,0.5,N277,N277,N275,N275,N277
404748,Khan Jahan Ali,N277,15542.73489,0,50,0.2,0.5,N277,N277,N275,N275,N277
404751,Khulna Sadar,N277,945.7281258,0,50,0.2,0.5,N277,N277,N275,N275,N277
404753,Koyra,N6001,11081.3383,0,50,0.2,0.5,N277,N277,N275,N275,N6001
404764,Paikgachha,N278.5,17092.10135,0,50,0.2,0.5,N277,N277,N275,N275,N278.5
404769,Phultala,N277,22071.57342,0,50,0.2,0.5,N277,N277,N275,N275,N277
404775,Rupsa,N277,6322.399462,0,50,0.2,0.5,N277,N277,N275,N275,N277
404785,Sonadanga,N277,4146.052406,0,50,0.2,0.5,N277,N277,N275,N275,N277
404794,Terokhada,N277,14550.90625,0,50,0.2,0.5,N277,N277,N275,N275,N277
405015,Bheramara,N265,16497.89435,0,50,0.2,0.5,N270,N270,N275,N275,N265
405039,Daulatpur,N265,28607.39347,0,50,0.2,0.5,N270,N270,N275,N275,N265
405063,Khoksa,N270,2898.47974,0,50,0.2,0.5,N270,N270,N275,N275,N270
405071,Kumarkhali,N270,8295.854405,0,50,0.2,0.5,N270,N270,N275,N275,N270
405079,Kushtia Sadar,N265,16578.46241,0,50,0.2,0.5,N270,N270,N275,N275,N265
405094,Mirpur,N265,15067.99379,0,50,0.2,0.5,N270,N270,N275,N275,N265
405557,Magura Sadar,N271,15540.81684,0,50,0.2,0.5,N271,N271,N275,N275,N271
405566,Mohammadpur,N271,14683.57792,0,50,0.2,0.5,N271,N271,N275,N275,N271
405585,Shalikha,N271,27423.46837,0,50,0.2,0.5,N271,N271,N275,N275,N271
405595,Sreepur,N271,13484.69557,0,50,0.2,0.5,N271,N271,N275,N275,N271
405747,Gangni,N265,37023.4332,0,50,0.2,0.5,N278,N278,N275,N275,N265
405760,Mujib Nagar,N278,54643.65481,0,50,0.2,0.5,N278,N278,N275,N275,N278
405787,Meherpur Sadar,N265,51326.53242,0,50,0.2,0.5,N278,N278,N275,N275,N265
406528,Kalia,N275,8739.421442,0,50,0.2,0.5,N275,N275,N275,N275,N275
406552,Lohagara,N275,13446.53841,0,50,0.2,0.5,N275,N275,N275,N275,N275
406576,Narail Sadar,N275,20443.7892,0,50,0.2,0.5,N275,N275,N275,N275,N275
408704,Assasuni,N278.5,24435.98893,0,50,0.2,0.5,N278.5,N278.5,N275,N275,N278.5
408725,Debhata,N278.5,29493.6854,0,50,0.2,0.5,N278.5,N278.5,N275,N275,N278.5
408743,Kalaroa,N6000,13713.48115,0,50,0.2,0.5,N278.5,N278.5,N275,N275,N6000
408747,Kaliganj,N6001,35867.5366,0,50,0.2,0.5,N278.5,N278.5,N275,N275,N6001
408782,Satkhira Sadar,N278.5,23224.58285,0,50,0.2,0.5,N278.5,N278.5,N275,N275,N278.5
408786,Shyamnagar,N6001,21046.45344,0,50,0.2,0.5,N278.5,N278.5,N275,N275,N6001
408790,Tala,N278.5,5691.443493,0,50,0.2,0.5,N278.5,N278.5,N220,N220,N278.5
501006,Adamdighi,N176,35115.85499,-1169,50,0.2,0.5,N210,N210,N220,N220,N176
501020,Bogra Sadar,N210,31705.32382,1998,50,0.2,0.5,N210,N210,N220,N220,N210
501027,Dhunat,N210,9401.64311,-759,50,0.2,0.5,N210,N210,N220,N220,N210
501033,Dhupchanchia,N176,43532.08757,767,50,0.2,0.5,N210,N210,N220,N220,N176
501040,Gabtali,N210,28319.14802,879,50,0.2,0.5,N210,N210,N220,N220,N210
501054,Kahaloo,N220,85490.60361,3600,50,0.2,0.5,N210,N210,N220,N220,N220
501067,Nandigram,N220,71710.78442,1857,50,0.2,0.5,N210,N210,N220,N220,N220
501081,Sariakandi,N95,42847.31354,2830,50,0.2,0.5,N210,N210,N220,N220,N95
501085,Shajahanpur,N210,17567.08789,728,50,0.2,0.5,N210,N210,N220,N220,N210
501088,Sherpur,N210,5462.555232,-707,50,0.2,0.5,N210,N210,N220,N220,N210
501094,Shibganj,N210,45973.19944,3247,50,0.2,0.5,N210,N210,N220,N220,N210
501095,Sonatola,N210,40676.7974,2352,50,0.2,0.5,N210,N210,N220,N220,N210
503813,Akkelpur,N176,50082.85445,1282,50,0.2,0.5,N175,N175,N220,N220,N176
503847,Joypurhat Sadar,N176,69161.27708,3061,50,0.2,0.5,N175,N175,N220,N220,N176
503858,Kalai,N176,65300.74355,4001,50,0.2,0.5,N175,N175,N220,N220,N176
503861,Khetlal,N176,58931.00121,2739,50,0.2,0.5,N175,N175,N220,N220,N176
503874,Panchbibi,N176,79101.12364,5938,50,0.2,0.5,N175,N175,N220,N220,N176
506403,Atrai,N176,21372.40475,-2411,50,0.2,0.5,N175,N175,N220,N220,N176
506406,Badalgachhi,N176,56229.9182,17,50,0.2,0.5,N175,N175,N220,N220,N176
506428,Dhamoirhat,N176,77748.54971,3068,50,0.2,0.5,N175,N175,N220,N220,N176
506447,Manda,N175,13106.88792,-2115,50,0.2,0.5,N175,N175,N220,N220,N175
506450,Mahadebpur,N175,25111.1592,-2528,50,0.2,0.5,N175,N175,N220,N220,N175
506460,Naogaon Sadar,N175,13690.22495,-2821,50,0.2,0.5,N175,N175,N220,N220,N175
506469,Niamatpur,N175,31811.74992,-2133,50,0.2,0.5,N175,N175,N220,N220,N175
506475,Patnitala,N174,16137.78809,-1445,50,0.2,0.5,N175,N175,N220,N220,N174
506479,Porsha,N260,61950.65972,-1796,50,0.2,0.5,N175,N175,N220,N220,N260
506485,Raninagar,N176,27114.91089,-2303,50,0.2,0.5,N175,N175,N220,N220,N176
506486,Sapahar,N260,75562.38877,582,50,0.2,0.5,N175,N175,N220,N220,N260
506909,Bagati Para,N220,68454.94315,1843,50,0.2,0.5,N176,N176,N220,N220,N220
506915,Baraigram,N220,47765.4195,-486,50,0.2,0.5,N176,N176,N220,N220,N220
506941,Gurudaspur,N220,47858.04956,-616,50,0.2,0.5,N176,N176,N220,N220,N220
506944,Lalpur,N220,61926.20125,1215,50,0.2,0.5,N176,N176,N220,N220,N220
506963,Natore Sadar,N220,70809.58473,692,50,0.2,0.5,N176,N176,N220,N220,N220
506991,Singra,N220,60208.20259,-80,50,0.2,0.5,N176,N176,N220,N220,N220
507018,Bholahat,N260,48359.50412,910,50,0.2,0.5,N260,N260,N220,N220,N260
507037,Gomastapur,N260,43364.48448,1136,50,0.2,0.5,N260,N260,N220,N220,N260
507056,Nachole,N260,30142.2062,590,50,0.2,0.5,N260,N260,N220,N220,N260
507066,Nawabganj Sadar,N260,11654.81968,692,50,0.2,0.5,N260,N260,N220,N220,N260
507088,Shibganj,N260,30165.71357,2073,50,0.2,0.5,N260,N260,N220,N220,N260
507605,Atgharia,N290,51644.96049,987,50,0.2,0.5,N280,N280,N220,N220,N290
507616,Bera,N290,10186.8564,-1127,50,0.2,0.5,N280,N280,N220,N220,N290
507619,Bhangura,N220,23618.90059,-1358,50,0.2,0.5,N280,N280,N220,N220,N220
507622,Chatmohar,N290,57760.78224,416,50,0.2,0.5,N280,N280,N220,N220,N290
507633,Faridpur,N220,14790.52212,-1640,50,0.2,0.5,N280,N280,N220,N220,N220
507639,Ishwardi,N290,67274.737,2799,50,0.2,0.5,N280,N280,N220,N220,N290
507655,Pabna Sadar,N290,46549.73937,730,50,0.2,0.5,N280,N280,N220,N220,N290
507672,Santhia,N290,27985.7418,-709,50,0.2,0.5,N280,N280,N220,N220,N290
507683,Sujanagar,N290,21182.13828,-1058,50,0.2,0.5,N280,N280,N220,N220,N290
508110,Bagha,N265,38608.65741,300,50,0.2,0.5,N261,N261,N220,N220,N265
508112,Baghmara,N261,33524.89765,-4213,50,0.2,0.5,N261,N261,N220,N220,N261
508122,Boalia,N261,10830.4691,-1045,50,0.2,0.5,N261,N261,N220,N220,N261
508125,Charghat,N265,50156.60652,1978,50,0.2,0.5,N261,N261,N220,N220,N265
508131,Durgapur,N261,18832.21987,-4886,50,0.2,0.5,N261,N261,N220,N220,N261
508134,Godagari,N261,33874.8343,1865,50,0.2,0.5,N261,N261,N220,N220,N261
508140,Matihar,N261,7754.611577,300,50,0.2,0.5,N261,N261,N220,N220,N261
508153,Mohanpur,N261,27492.9279,-2699,50,0.2,0.5,N261,N261,N220,N220,N261
508172,Paba,N261,14028.11641,-1503,50,0.2,0.5,N261,N261,N220,N220,N261
508182,Puthia,N265,56807.08928,-520,50,0.2,0.5,N261,N261,N220,N220,N265
508185,Rajpara,N261,14491.4402,300,50,0.2,0.5,N261,N261,N220,N220,N261
508190,Shah Makhdum,N261,13210.45491,-1657,50,0.2,0.5,N261,N261,N220,N220,N261
508194,Tanore,N261,37980.78079,-3617,50,0.2,0.5,N261,N261,N220,N220,N261
508811,Belkuchi,N230,28251.19585,-737,50,0.2,0.5,N220,N220,N220,N220,N230
508827,Chauhali,N230,12307.89037,-197,50,0.2,0.5,N220,N220,N220,N220,N230
508844,Kamarkhanda,N220,28204.64452,-846,50,0.2,0.5,N220,N220,N220,N220,N220
508850,Kazipur,N95,18425.65496,997,50,0.2,0.5,N220,N220,N220,N220,N95
508861,Royganj,N220,41318.38635,54,50,0.2,0.5,N220,N220,N220,N220,N220
508867,Shahjadpur,N220,5880.506748,-2096,50,0.2,0.5,N220,N220,N220,N220,N220
508878,Sirajganj Sadar,N95,3468.392106,-757,50,0.2,0.5,N220,N220,N220,N220,N95
508889,Tarash,N220,42305.81544,-135,50,0.2,0.5,N220,N220,N220,N220,N220
508894,Ullah Para,N220,23519.65451,-1513,50,0.2,0.5,N220,N220,N220,N220,N220
552710,Birampur,N175,76103.03843,10399,50,0.2,0.5,N173,N173,N70,N70,N175
552712,Birganj,N75,9814.934663,-4793,50,0.2,0.5,N173,N173,N70,N70,N75
552717,Biral,N173,20488.64115,-5543,50,0.2,0.5,N173,N173,N70,N70,N173
552721,Bochaganj,N173,31929.92052,253,50,0.2,0.5,N173,N173,N70,N70,N173
552730,Chirirbandar,N173,4038.81028,-4112,50,0.2,0.5,N173,N173,N70,N70,N173
552738,Fulbari,N175,85337.48157,13240,50,0.2,0.5,N173,N173,N70,N70,N175
552743,Ghoraghat,N190,23048.53391,1656,50,0.2,0.5,N173,N173,N70,N70,N190
552747,Hakimpur,N176,89098.29036,8374,50,0.2,0.5,N173,N173,N70,N70,N176
552756,Kaharole,N173,20277.3689,1160,50,0.2,0.5,N173,N173,N70,N70,N173
552760,Khansama,N173,6502.958808,-5887,50,0.2,0.5,N173,N173,N70,N70,N173
552764,Dinajpur Sadar,N173,10550.88333,300,50,0.2,0.5,N173,N173,N70,N70,N173
552769,Nawabganj,N190,42436.2178,3733,50,0.2,0.5,N173,N173,N70,N70,N190
552777,Parbatipur,N185,69918.06988,9609,50,0.2,0.5,N173,N173,N70,N70,N185
553221,Fulchhari,N90,3480.068722,-510,50,0.2,0.5,N90,N90,N70,N70,N90
553224,Gaibandha Sadar,N90,15432.58256,40,50,0.2,0.5,N90,N90,N70,N70,N90
553230,Gobindaganj,N200,7808.420437,-3139,50,0.2,0.5,N90,N90,N70,N70,N200
553267,Palashbari,N190,10906.16996,-226,50,0.2,0.5,N90,N90,N70,N70,N190
553282,Sadullapur,N190,24219.26733,2429,50,0.2,0.5,N90,N90,N70,N70,N190
553288,Saghatta,N95,70103.68696,5115,50,0.2,0.5,N90,N90,N70,N70,N95
553291,Sundarganj,N75,21626.34317,1627,50,0.2,0.5,N90,N90,N70,N70,N75
554906,Bhurungamari,N53,33998.17747,3221,50,0.2,0.5,N54,N54,N70,N70,N53
554908,Char Rajibpur,N70,8430.011083,1795,50,0.2,0.5,N54,N54,N70,N70,N70
554909,Chilmari,N70,11405.67617,2929,50,0.2,0.5,N54,N54,N70,N70,N70
554918,Phulbari,N54,31553.47099,3271,50,0.2,0.5,N54,N54,N70,N70,N54
554952,Kurigram Sadar,N54,13937.88483,393,50,0.2,0.5,N54,N54,N70,N70,N54
554961,Nageshwari,N53,16121.33577,1454,50,0.2,0.5,N54,N54,N70,N70,N53
554977,Rajarhat,N62,7596.393102,-481,50,0.2,0.5,N54,N54,N70,N70,N62
554979,Raumari,N70,19856.23811,2040,50,0.2,0.5,N54,N54,N70,N70,N70
554994,Ulipur,N54,6994.98479,-603,50,0.2,0.5,N54,N54,N70,N70,N54
555202,Aditmari,N62,28529.97788,5051,50,0.2,0.5,N52,N52,N70,N70,N62
555233,Hatibandha,N61,21670.66952,4001,50,0.2,0.5,N52,N52,N70,N70,N61
555239,Kaliganj,N62,39944.77621,8710,50,0.2,0.5,N52,N52,N70,N70,N62
555255,Lalmonirhat Sadar,N62,17891.55923,2397,50,0.2,0.5,N52,N52,N70,N70,N62
555270,Patgram,N61,48153.94165,18696,50,0.2,0.5,N52,N52,N70,N70,N61
557312,Dimla,N61,34121.72283,11705,50,0.2,0.5,N180,N180,N70,N70,N61
557315,Domar,N185,125653.9924,33359,50,0.2,0.5,N180,N180,N70,N70,N185
557336,Jaldhaka,N185,105673.2008,4953,50,0.2,0.5,N180,N180,N70,N70,N185
557345,Kishoreganj,N185,90497.48869,17006,50,0.2,0.5,N180,N180,N70,N70,N185
557364,Nilphamari Sadar,N185,103121.9047,23018,50,0.2,0.5,N180,N180,N70,N70,N185
557385,Saidpur,N185,86508.126,15060,50,0.2,0.5,N180,N180,N70,N70,N185
557704,Atwari,N171,26407.41653,2751,50,0.2,0.5,N171,N171,N70,N70,N171
557725,Boda,N171,7484.009452,182,50,0.2,0.5,N171,N171,N70,N70,N171
557734,Debiganj,N172,24113.27269,4486,50,0.2,0.5,N171,N171,N70,N70,N172
557773,Panchagarh Sadar,N171,18807.1887,10025,50,0.2,0.5,N171,N171,N70,N70,N171
557790,Tentulia,N171,41561.94325,23342,50,0.2,0.5,N171,N171,N70,N70,N171
558503,Badarganj,N185,66563.66225,9947,50,0.2,0.5,N61,N61,N70,N70,N185
558527,Gangachara,N62,36187.07719,7496,50,0.2,0.5,N61,N61,N70,N70,N62
558542,Kaunia,N62,12700.71859,1228,50,0.2,0.5,N61,N61,N70,N70,N62
558549,Rangpur Sadar,N185,68928.91032,11244,50,0.2,0.5,N61,N61,N70,N70,N185
558558,Mitha Pukur,N190,47569.38894,6750,50,0.2,0.5,N61,N61,N70,N70,N190
558573,Pirgachha,N75,43609.97816,4531,50,0.2,0.5,N61,N61,N70,N70,N75
558576,Pirganj,N190,32455.73611,4111,50,0.2,0.5,N61,N61,N70,N70,N190
558592,Taraganj,N185,78863.81906,13040,50,0.2,0.5,N61,N61,N70,N70,N185
559408,Baliadangi,N172,50779.92525,2722,50,0.2,0.5,N173,N173,N70,N70,N172
559451,Haripur,N173,63585.38283,1943,50,0.2,0.5,N173,N173,N70,N70,N173
559482,Pirganj,N173,42254.65382,4186,50,0.2,0.5,N173,N173,N70,N70,N173
559486,Ranisankail,N173,58176.37346,6694,50,0.2,0.5,N173,N173,N70,N70,N173
559494,Thakurgaon Sadar,N172,31165.38321,3196,50,0.2,0.5,N173,N173,N70,N70,N172
603602,Ajmiriganj,N7002,33626.66967,0,50,0.2,0.5,N40,N40,N40,N40,N7002
603605,Bahubal,N8001,31722.03519,0,50,0.2,0.5,N40,N40,N40,N40,N8001
603611,Baniachong,N8001,38112.85296,0,50,0.2,0.5,N40,N40,N40,N40,N8001
603626,Chunarughat,N8000,49456.07678,0,50,0.2,0.5,N40,N40,N40,N40,N8000
603644,Habiganj Sadar,N8001,42673.36949,0,50,0.2,0.5,N40,N40,N40,N40,N8001
603668,Lakhai,N40,31615.74604,0,50,0.2,0.5,N40,N40,N40,N40,N40
603671,Madhabpur,N40,36605.58412,0,50,0.2,0.5,N40,N40,N40,N40,N40
603677,Nabiganj,N8001,18513.35529,0,50,0.2,0.5,N40,N40,N40,N40,N8001
605814,Barlekha,N30,29217.60503,0,50,0.2,0.5,N8000,N8000,N40,N40,N30
605835,Juri,N8000,27958.85493,0,50,0.2,0.5,N8000,N8000,N40,N40,N8000
605856,Kamalganj,N8000,11714.74866,0,50,0.2,0.5,N8000,N8000,N40,N40,N8000
605865,Kulaura,N8000,14965.95358,0,50,0.2,0.5,N8000,N8000,N40,N40,N8000
605874,Maulvi Bazar Sadar,N8001,10740.17198,0,50,0.2,0.5,N8000,N8000,N40,N40,N8001
605880,Rajnagar,N8001,14170.3495,0,50,0.2,0.5,N8000,N8000,N40,N40,N8001
605883,Sreemangal,N8000,27712.83736,0,50,0.2,0.5,N8000,N8000,N40,N40,N8000
609018,Bishwambarpur,N7002,38736.9195,0,50,0.2,0.5,N7002,N7002,N40,N40,N7002
609023,Chhatak,N8001,40118.36621,0,50,0.2,0.5,N7002,N7002,N40,N40,N8001
609027,Dakshin Sunamganj,N7002,32144.28813,0,50,0.2,0.5,N7002,N7002,N40,N40,N7002
609029,Derai,N7002,22829.60637,0,50,0.2,0.5,N7002,N7002,N40,N40,N7002
609032,Dharampasha,N7002,23052.88413,0,50,0.2,0.5,N7002,N7002,N40,N40,N7002
609033,Dowarabazar,N7002,53790.3595,0,50,0.2,0.5,N7002,N7002,N40,N40,N7002
609047,Jagannathpur,N8001,23948.75335,0,50,0.2,0.5,N7002,N7002,N40,N40,N8001
609050,Jamalganj,N7002,18145.77538,0,50,0.2,0.5,N7002,N7002,N40,N40,N7002
609086,Sulla,N7002,20301.4409,0,50,0.2,0.5,N7002,N7002,N40,N40,N7002
609089,Sunamganj Sadar,N7002,38911.08755,0,50,0.2,0.5,N7002,N7002,N40,N40,N7002
609092,Tahirpur,N7002,35263.94667,0,50,0.2,0.5,N7002,N7002,N40,N40,N7002
609108,Balaganj,N8001,12074.05371,0,50,0.2,0.5,N20,N20,N40,N40,N8001
609117,Beani Bazar,N30,25572.07594,0,50,0.2,0.5,N20,N20,N40,N40,N30
609120,Bishwanath,N8001,26507.27946,0,50,0.2,0.5,N20,N20,N40,N40,N8001
609127,Companiganj,N8001,53836.54623,0,50,0.2,0.5,N20,N20,N40,N40,N8001
609131,Dakshin Surma,N8001,28847.01219,0,50,0.2,0.5,N20,N20,N40,N40,N8001
609135,Fenchuganj,N8001,26316.87984,0,50,0.2,0.5,N20,N20,N40,N40,N8001
609138,Golabganj,N8001,38038.53636,0,50,0.2,0.5,N20,N20,N40,N40,N8001
609141,Gowainghat,N30,52004.33784,0,50,0.2,0.5,N20,N20,N40,N40,N30
609153,Jaintiapur,N30,38109.45129,0,50,0.2,0.5,N20,N20,N40,N40,N30
609159,Kanaighat,N30,24485.40097,0,50,0.2,0.5,N20,N20,N40,N40,N30
609162,Sylhet Sadar,N8001,40224.65072,0,50,0.2,0.5,N20,N20,N40,N40,N8001
609194,Zakiganj,N30,8478.857968,0,50,0.2,0.5,N20,N20,N40,N40,N30
